{
  "std_curve": [
    [
      1000,
      0.1765
    ],
    [
      2000,
      0.5785
    ],
    [
      3000,
      0.601
    ],
    [
      4000,
      0.856
    ],
    [
      5000,
      1.03
    ],
    [
      6000,
      0.968
    ],
    [
      7000,
      1.082
    ],
    [
      8000,
      1.0655
    ],
    [
      9000,
      1.1195
    ],
    [
      10000,
      1.2635
    ],
    [
      11000,
      1.2415
    ],
    [
      12000,
      1.2485
    ],
    [
      13000,
      1.1435
    ],
    [
      14000,
      1.3375
    ],
    [
      15000,
      1.253
    ],
    [
      16000,
      1.3545
    ],
    [
      17000,
      1.265
    ],
    [
      18000,
      1.242
    ],
    [
      19000,
      1.2225
    ],
    [
      20000,
      1.298
    ],
    [
      21000,
      1.3895
    ],
    [
      22000,
      1.103
    ],
    [
      23000,
      1.2155
    ],
    [
      24000,
      1.2515
    ],
    [
      25000,
      1.2215
    ],
    [
      26000,
      1.194
    ],
    [
      27000,
      1.267
    ],
    [
      28000,
      1.16
    ],
    [
      29000,
      1.133
    ],
    [
      30000,
      1.1275
    ],
    [
      31000,
      1.0125
    ],
    [
      32000,
      1.29
    ],
    [
      33000,
      1.182
    ],
    [
      34000,
      1.183
    ],
    [
      35000,
      1.1705
    ],
    [
      36000,
      1.1095
    ],
    [
      37000,
      1.1655
    ],
    [
      38000,
      1.303
    ],
    [
      39000,
      1.277
    ],
    [
      40000,
      1.1915
    ],
    [
      41000,
      1.0985
    ],
    [
      42000,
      1.202
    ],
    [
      43000,
      1.1245
    ],
    [
      44000,
      1.075
    ],
    [
      45000,
      1.335
    ],
    [
      46000,
      1.318
    ],
    [
      47000,
      1.2945
    ],
    [
      48000,
      1.177
    ],
    [
      49000,
      1.3115
    ],
    [
      50000,
      1.2715
    ]
  ],
  "oa_curves": {
    "random": [
      [
        1000,
        0.13970588235294118
      ],
      [
        2000,
        0.4647058823529412
      ],
      [
        3000,
        0.5588235294117647
      ],
      [
        4000,
        0.8803030303030303
      ],
      [
        5000,
        0.9166666666666666
      ],
      [
        6000,
        0.8727272727272727
      ],
      [
        7000,
        0.8303030303030303
      ],
      [
        8000,
        0.6515151515151515
      ],
      [
        9000,
        1.062121212121212
      ],
      [
        10000,
        0.8544117647058823
      ],
      [
        11000,
        1.025
      ],
      [
        12000,
        1.013235294117647
      ],
      [
        13000,
        0.6227272727272727
      ],
      [
        14000,
        0.7303030303030303
      ],
      [
        15000,
        0.7303030303030303
      ],
      [
        16000,
        0.7909090909090909
      ],
      [
        17000,
        1.1484848484848484
      ],
      [
        18000,
        1.0
      ],
      [
        19000,
        0.8632352941176471
      ],
      [
        20000,
        1.1544117647058822
      ],
      [
        21000,
        1.1102941176470589
      ],
      [
        22000,
        1.1757575757575758
      ],
      [
        23000,
        0.946969696969697
      ],
      [
        24000,
        0.8590909090909091
      ],
      [
        25000,
        0.696969696969697
      ],
      [
        26000,
        0.5196969696969697
      ],
      [
        27000,
        0.8242424242424242
      ],
      [
        28000,
        0.7691176470588236
      ],
      [
        29000,
        0.5485294117647059
      ],
      [
        30000,
        0.475
      ],
      [
        31000,
        0.44545454545454544
      ],
      [
        32000,
        0.8121212121212121
      ],
      [
        33000,
        0.8045454545454546
      ],
      [
        34000,
        0.6227272727272727
      ],
      [
        35000,
        0.7666666666666667
      ],
      [
        36000,
        0.6106060606060606
      ],
      [
        37000,
        0.7529411764705882
      ],
      [
        38000,
        0.8029411764705883
      ],
      [
        39000,
        0.7235294117647059
      ],
      [
        40000,
        0.8560606060606061
      ],
      [
        41000,
        1.0469696969696969
      ],
      [
        42000,
        1.1106060606060606
      ],
      [
        43000,
        1.0166666666666666
      ],
      [
        44000,
        0.9030303030303031
      ],
      [
        45000,
        0.556060606060606
      ],
      [
        46000,
        0.7529411764705882
      ],
      [
        47000,
        0.861764705882353
      ],
      [
        48000,
        0.6308823529411764
      ],
      [
        49000,
        0.8409090909090909
      ],
      [
        50000,
        0.9227272727272727
      ]
    ],
    "tight": [
      [
        1000,
        0.03787878787878788
      ],
      [
        2000,
        0.1621212121212121
      ],
      [
        3000,
        0.3303030303030303
      ],
      [
        4000,
        0.28088235294117647
      ],
      [
        5000,
        0.5235294117647059
      ],
      [
        6000,
        0.3602941176470588
      ],
      [
        7000,
        0.38181818181818183
      ],
      [
        8000,
        0.35
      ],
      [
        9000,
        0.3181818181818182
      ],
      [
        10000,
        0.353030303030303
      ],
      [
        11000,
        0.45454545454545453
      ],
      [
        12000,
        0.45
      ],
      [
        13000,
        0.3985294117647059
      ],
      [
        14000,
        0.43823529411764706
      ],
      [
        15000,
        0.4455882352941177
      ],
      [
        16000,
        0.44393939393939397
      ],
      [
        17000,
        0.45606060606060606
      ],
      [
        18000,
        0.5681818181818182
      ],
      [
        19000,
        0.45606060606060606
      ],
      [
        20000,
        0.453030303030303
      ],
      [
        21000,
        0.4954545454545455
      ],
      [
        22000,
        0.48676470588235293
      ],
      [
        23000,
        0.41323529411764703
      ],
      [
        24000,
        0.3985294117647059
      ],
      [
        25000,
        0.346969696969697
      ],
      [
        26000,
        0.3575757575757576
      ],
      [
        27000,
        0.4409090909090909
      ],
      [
        28000,
        0.2833333333333333
      ],
      [
        29000,
        0.29545454545454547
      ],
      [
        30000,
        0.38636363636363635
      ],
      [
        31000,
        0.3
      ],
      [
        32000,
        0.4411764705882353
      ],
      [
        33000,
        0.41911764705882354
      ],
      [
        34000,
        0.4818181818181818
      ],
      [
        35000,
        0.3787878787878788
      ],
      [
        36000,
        0.4257575757575758
      ],
      [
        37000,
        0.5454545454545454
      ],
      [
        38000,
        0.5212121212121212
      ],
      [
        39000,
        0.46060606060606063
      ],
      [
        40000,
        0.43970588235294117
      ],
      [
        41000,
        0.5205882352941177
      ],
      [
        42000,
        0.5529411764705883
      ],
      [
        43000,
        0.40606060606060607
      ],
      [
        44000,
        0.5
      ],
      [
        45000,
        0.3333333333333333
      ],
      [
        46000,
        0.38333333333333336
      ],
      [
        47000,
        0.38484848484848483
      ],
      [
        48000,
        0.32272727272727275
      ],
      [
        49000,
        0.4632352941176471
      ],
      [
        50000,
        0.40441176470588236
      ]
    ],