{
  "all_results": {
    "Random": {
      "random": 0.02,
      "tight": -0.02385,
      "aggressive": -0.81965,
      "overall": -0.2745
    },
    "Rule-Based": {
      "random": 0.04515,
      "tight": 0.0102,
      "aggressive": 0.10835,
      "overall": 0.05456666666666667
    },
    "Standard Q": {
      "random": 1.313,
      "tight": 0.35905,
      "aggressive": -0.72035,
      "overall": 0.3172333333333333
    },
    "OA Q": {
      "random": 1.1601,
      "tight": 0.49135,
      "aggressive": 0.24005,
      "overall": 0.6305
    }
  },
  "warmup": {
    "tight": {
      "rewards": [
        0.5666666666666667,
        0.52,
        0.47333333333333333,
        0.45166666666666666,
        0.5133333333333333,
        0.48833333333333334,
        0.505,
        0.515,
        0.44666666666666666,
        0.49833333333333335,
        0.5166666666666667,
        0.49833333333333335,
        0.5,
        0.44333333333333336,
        0.47,
        0.585,
        0.4716666666666667,
        0.5333333333333333,
        0.7,
        0.6016666666666667,
        0.485,
        0.43,
        0.5666666666666667,
        0.53,
        0.44333333333333336,
        0.475,
        0.44166666666666665,
        0.415,
        0.5066666666666667,
        0.5283333333333333
      ],
      "accuracy": [
        0.0,
        0.0,
        0.0,
        0.0,
        0.0,
        0.0,
        0.0,
        0.0,
        0.0,
        0.0,
        0.0,
        0.0,
        0.006666666666666667,
        0.15333333333333332,
        0.37333333333333335,
        0.5433333333333333,
        0.6566666666666666,
        0.67,
        0.68,
        0.6933333333333334,
        0.7166666666666667,
        0.7066666666666667,
        0.7,
        0.6933333333333334,
        0.6666666666666666,
        0.64,
        0.6566666666666666,
        0.68,
        0.6533333333333333,
        0.6366666666666667
      ]
    },
    "aggressive": {
      "rewards": [
        0.43,
        0.24333333333333335,
        0.10833333333333334,
        0.6983333333333334,
        0.25333333333333335,
        0.7616666666666667,
        0.7466666666666667,
        0.8816666666666667,
        0.20333333333333334,
        0.29333333333333333,
        0.23333333333333334,
        0.41,
        0.15666666666666668,
        0.30666666666666664,
        0.09166666666666666,
        0.42833333333333334,
        0.18833333333333332,
        0.3233333333333333,
        0.4066666666666667,
        0.29333333333333333,
        0.10166666666666667,
        0.31166666666666665,
        0.42833333333333334,
        0.34833333333333333,
        0.51,
        0.20166666666666666,
        0.3333333333333333,
        0.12666666666666668,
        0.08333333333333333,
        0.3233333333333333
      ],
      "accuracy": [
        0.0,
        0.0,
        0.0,
        0.0,
        0.0,
        0.0033333333333333335,
        0.15333333333333332,
        0.37333333333333335,
        0.7,
        0.8533333333333334,
        0.9,
        0.9266666666666666,
        0.93,
        0.9466666666666667,
        0.94,
        0.9366666666666666,
        0.9566666666666667,
        0.97,
        0.9633333333333334,
        0.95,
        0.9666666666666667,
        0.9466666666666667,
        0.9466666666666667,
        0.9433333333333334,
        0.9566666666666667,
        0.9633333333333334,
        0.94,
        0.9466666666666667,
        0.9666666666666667,
        0.9533333333333334
      ]
    }
  }
}